"id","parent1","parent2"
"ND13219C-4",NA,NA
"NDTX12135-1W",NA,NA
"ND13217C-1",NA,NA
"ND13220C-3",NA,NA
"ND13221C-3",NA,NA
"NDAF14477C-2",NA,NA
"NDAF14477C-7",NA,NA
"NDTX14362AB-1W",NA,NA
"NDOR13317CB-2",NA,NA
"B40568",NA,NA
"B24642",NA,NA
"Katahdin","B40568","B24642"
"Wauseon","Katahdin","B5149-8"
"B1268-46","Katahdin","Katahdin"
"Chippewa","B40568","B24642"
"B1299-15","Chippewa","Chippewa"
"Monona","B1268-46","B1299-15"
"Cherokee",NA,NA
"B3672-3","Cherokee","MenomineeXchc"
"Earlaine","IrishCobbler","USDA43055"
"DeltaGold","USDA45208","Earlaine"
"Lenape","B3672-3","DeltaGold"
"B6503-2","Monona","Lenape"
"CS7232-4","Wauseon","B6503-2"
"AF1668-60","CS7232-4",NA
"Tollocan","Juanita","58-ER-1"
"Sebago","Chippewa","Katahdin"
"Minn.92.36-5",NA,NA
"ND457-1","Sebago","Minn.92.36-5"
"Chaleur","Belleisle","ND457-1"
"JacquelineLee","Tollocan","Chaleur"
"EB8109-1",NA,NA
"AF2376-5","JacquelineLee","EB8109-1"
"AF5392-8","AF1668-60","AF2376-5"
"Atlantic","Wauseon","Lenape"
"B127","Chippewa","Katahdin"
"USDA3895-13",NA,NA
"USDA96-56","USDA3895-13","Earlaine"
"Kennebec","B127","USDA96-56"
"6HS-9","Kennebec","Pennchip"
"NYQ155-3","NYK349-7","6HS-9"
"Marcy","Atlantic","NYQ155-3"
"NYM297-17","NYF278-20","Wauseon"
"USDA96-140","USDA3895-13","Earlaine"
"B81-40","USDA245-52","USDA96-140"
"B962-32","B81-40","USDA245-186"
"WisAg231","Minn113.43-1","B962-32"
"WisChip","W55.306.58","WisAg231"
"Allegany","NYM297-17","WisChip"
"Pike","Allegany","Atlantic"
"B6595-5","Wauseon","Lenape"
"Saranac","President","Katahdin"
"B355-24","USDA96-56","Saranac"
"USDA45146","Katahdin","USDA43752"
"Teton","USDA45146","Earlaine"
"B83-9","USDA926-36","USDA96-140"
"B607-56","Teton","B83-9"
"B2919-1","B355-24","B607-56"
"B3692-4","AC25953","B2919-1"
"Merrimack","Saranac","USDA96-56"
"B3944-11",NA,"Merrimack"
"B4537-9","B3692-4","B3944-11"
"NY48","57G16-78","B4537-9"
"NY74","B6595-5","NY48"
"NY88","NY74","NYQ155-3"
"NY115","Pike","NY88"
"Waneta","Marcy","NY115"
"AF5393-1","AF1668-60","Waneta"
"ND1118-1","MN2550","ND616-11"
"Norgleam","ND457-1","ND457-1"
"ND4731-1","Norgleam","Antigo"
"Norchip","ND4731-1","M5009-2"
"ND944-6","ND231-1","Norchip"
"DakotaPearl","ND1118-1","ND944-6"
"Houma","CharlesDowning","Katahdin"
"B864-2","Houma","USDA247-48"
"B3397-17","B2113-9","B864-2"
"B4494-3","B3944-11","B3397-17"
"NYF9-31","B4494-3","57G5-27"
"Steuben","NYF9-31",NA
"NYN43-288","Steuben",NA
"NYE74-7",NA,NA
"NY121","NYN43-288","NYE74-7"
"Brodie","NY121","NY115"
"AF5429-3","DakotaPearl","Brodie"
"Chipbelle","Wauseon","Lenape"
"AF186-2","Norchip","Chipbelle"
"AF5445-2","NY121","AF186-2"
"AF5450-7","Brodie","AF2376-5"
"SA8211-6","AF188-1","AF186-2"
"AF2291-10","SA8211-6","EB8109-1"
"AF5484-3","AF2291-10","Waneta"
"SC9005-1","CS76123-36","SA8211-6"
"AF5583-3","SC9005-1","Waneta"
"MS702-80","Atlantic","WisChip"
"Boulder","MS702-80","NY88"
"A03449-2C","A98399-1C",NA
"AOR09034-3","Boulder","A03449-2C"
"Snowden","Lenape","WisChip"
"B6987-56","Wauseon","Lenape"
"B7167-2","DT5997-IR","Lenape"
"B8798-10","B6987-56","B7167-2"
"B0257-3","C612-13","B8798-10"
"B1110-10","B0257-3","Monona"
"B1829-5","B1110-10","PI383471A"
"B3012-1","Snowden","B1829-5"
"Kanona","Peconic",NA
"NY120","Kanona","AF186-2"
"Lamoka","NY120","NY115"
"RD3-22","Houma","Katahdin"
"B294-38","Houma","USDA96-56"
"B2834-3","B294-38","USDA157-9"
"B4144-1","DeltaGold","B2834-3"
"RD289-18","RD3-22","B4144-1"
"Norwis","RD289-18","Monona"
"BeaconChipper","Norwis",NA
"MSL766-1","JacquelineLee","Boulder"
"McBride","Penta",NA
"MSR159-2","MSL766-1","McBride"
"MSW168-2","BeaconChipper","MSR159-2"
"Denali","Lenape",NA
"B7602-2","Teton","Lenape"
"B9547-3","B7602-2","B6987-56"
"B0178-34","Denali","B9547-3"
"NorgoldRusset","A119-1","ND2475-8"
"A63126-8","NorgoldRusset","A589-65"
"Lemhi","Pioneer","A63126-8"
"USDA41956",NA,NA
"B606-37","USDA41956","USDA96-56"
"B3627-18","B2067-52","B606-37"
"B6516-18","Lenape","B3627-18"
"B8686-8","B6516-18","AM66-182"
"B0186-3","Lemhi","B8686-8"
"B1254-1","B0178-34","B0186-3"
"P100-4",NA,NA
"S440","WisAg231","P100-4"
"Kalkaska","B1254-1","S440"
"Nicolet","Snowden","S440"
"MSX240-3","Kalkaska","Nicolet"
"Andover","Allegany","Atlantic"
"W877","W703","Lenape"
"MSE250-2","Andover","W877"
"MSJ167-1","P84-13-12","MSE250-2"
"Superior","USDA96-56","MN59.44"
"MSC127-3","Superior","S440"
"MSG227-2","Prestile","MSC127-3"
"MSR127-2","MSJ167-1","MSG227-2"
"Tundra","Pike","S440"
"MSZ222-19","MSR127-2","Tundra"
"NC164-2","C89.315","Snowden"
"BP101-1","L509-4","Andover"
"NC252-49","NC164-2","BP101-1"
"Tacna","Serrana","XY.4"
"B9547-8","B7602-2","B6987-56"
"B0243-18","B9547-8","Monona"
"CoastalChip","Wauseon","Lenape"
"B0766-3","B0243-18","CoastalChip"
"NC182-5","Tacna","B0766-3"
"B1339-2","B0257-3","B0607-33"
"NCB2489-5","B0766-3","B1339-2"
"NC371-3","NC182-5","NCB2489-5"
"NYE50-8","NYV101-9","NY115"
"Rosa","Wauseon","NYJ171-8"
"NYD147-9","Rosa","NYQ155-3"
"NY111","NYD147-9","Atlantic"
"NYV18-5","NY111",NA
"NYE48-2","NYV18-5",NA
"NY163","NYE50-8","NYE48-2"
"NY128","NY121","Pike"
"NYL17-3","NY128","NYE48-2"
"NYD40-35","NY121","NY115"
"NYL2-12","NYD40-35","NYE48-2"
"NY148","NY128","Marcy"
"NYL8-12","NY148","Andover"
"Hodag","Pike","DakotaPearl"
"W12074-28","Hodag","Nicolet"
"W12074-29","Hodag","Nicolet"
"ND9583-1",NA,NA
"ND860-2","ND78-3","ND9583-1"
"ND2676-4","ND1118-1","ND944-6"
"ND3828-15","ND860-2","ND2676-4"
"Lelah","S440","ND3828-15"
"Clone100",NA,NA
"W12075-1","Lelah","Clone100"
"W12078-21","Hodag","Lelah"
"W12078-76","Hodag","Lelah"
"W12078-77","Hodag","Lelah"
"W12078-80","Hodag","Lelah"
"WhitePearl","Snowden","S440"
"W12079-25","Hodag","WhitePearl"
"Fasan","6.9152023-77","1.299103-77"
"W8822-3","Fasan","Tundra"
"W12082-5","W8822-3","Clone100"
"NY145","NY121","NY115"
"W12NYN25-1","NY145","NYE48-2"
"W12NYN25-2","NY145",NA
"NYN42","Atlantic",NA
"NYR6-4","NYN42",NA
"Algonquin","NYR6-4","NY115"
"W12NYN39-2","NY148","Algonquin"
"W12NYN40-3","NY148","NYE48-2"
"B0155-24",NA,NA
"B725-61","X336-184","Teton"
"B7154-10","Wauseon","B725-61"
"B7164-22","BR5960-13","Lenape"
"B6987-221","Wauseon","Lenape"
"B8477-11","B7164-22","B6987-221"
"B9935-8","B7154-10","B8477-11"
"HarleyBlackwell","B0155-24","B9935-8"
"AF5033-13","AF2291-10","HarleyBlackwell"
"W973","WisAg231",NA
"H25-9","W973","rap296126"
"W1005rus","A66133-8","Lemhi"
"Ham28-7","H25-9","W1005rus"
"M5","WhitePearl","Ham28-7"
"AF4057-2","99-300040-14","M5"
"AF5153-11","Lamoka","AF4057-2"
"ND8305-1","ND2471-8","WhitePearl"
"ND7799c-1","DakotaPearl","NY115"
"ND039173CAB-22","ND7799c-1","ND7473Ab-20"
"AF5281-4","ND8305-1","ND039173CAB-22"
"AF5432-5","HarleyBlackwell","Marcy"
"B5052-7","B3692-4","Boone"
"AF84-4","B5052-7","Lenape"
"AF5446-11","Waneta","AF84-4"
"AFW5039-1","AF2376-5","HarleyBlackwell"
"AFW5484-6","AF2291-10","Waneta"
"AF875-17","AF186-2","AF84-4"
"AFW5550-19","DakotaPearl","AF875-17"
"AFW5563-6","Waneta","AF2291-10"
"B2904-2","B1873-6","CoastalChip"
"BARS_W95_6458_2",NA,NA
"B0209-1",NA,NA
"B0566-5",NA,NA
"B1709-4","B0209-1","B0566-5"
"B2588-5","BARS_W95_6458_2","B1709-4"
"B2981-5","B1829-5","B2588-5"
"B1240-1","B0172-22","B0186-3"
"B2494-21","B1240-1","B1339-2"
"B3000-1","B2494-21","B1829-5"
"BARS-W95-6458-2",NA,NA
"B2587-11","BARS-W95-6458-2","B1463-12"
"B3005-7","B2587-11","B1829-5"
"BNC366-1","HarleyBlackwell","NCB2489-5"
"BNC371-2","NC182-5","NCB2489-5"
"B0766-3T","B0243-18","CoastalChip"
"USDA792-88",NA,NA
"B881-12","Mohawk","USDA792-88"
"B4093-2","Menominee","B881-12"
"B8019-7","B5052-7","B4093-2"
"B8477-10","B7164-22","B6987-221"
"B9955-46","B8019-7","B8477-10"
"BC0894-2W","B9955-46","B0159-42"
"CO00188-4W","NY115","BC0894-2W"
"CO07070-10W","B0766-3T","CO00188-4W"
"CO07070-13W","B0766-3T","CO00188-4W"
"SaginawChipper","Pike","NY121"
"Mackinaw","SaginawChipper","Lamoka"
"NC41-1","Andover","HarleyBlackwell"
"B0177-20",NA,NA
"BD043-3",NA,NA
"BTD0013-44","B0177-20","BD043-3"
"B2463-7","BTD0013-44","B1339-2"
"NC317-12","NC41-1","B2463-7"
"NYQ237-8","NYN43-288","NYE74-7"
"NYT28-1","NYQ237-8","Andover"
"NYB38-14","NYT28-1","NY115"
"NY154","NYB38-14","Marcy"
"NYE106-2","NY128","Marcy"
"NY162","NYE106-2","NYE48-2"
"ND292-1","ND8933-2","ND9583-1"
"A77268-4","Lemhi","Norchip"
"IvoryCrisp","ND292-1","A77268-4"
"NYK27-3","IvoryCrisp","NYE48-2"
"NYK28-18","Snowden","NYE48-2"
"W10128-1","DakotaPearl","Nicolet"
"Liberator","MS702-80","Norchip"
"W10636-18","Liberator","CloneX"
"W10637-20","Atlantic","Lelah"
"Spunta","Bea","USDA96-56"
"FYF85","H-5","Spunta"
"MegaChip","Atlantic","FYF85"
"W10639-4","MegaChip","Lelah"
"S438","WisAg231","P100-4"
"Accumulator","Snowden","S438"
"W10645-11","Accumulator","DakotaPearl"
"W10645-7","Accumulator","DakotaPearl"
"Monticello","Steuben","Kanona"
"W2978-3","Monticello","DakotaPearl"
"W10653-14","W2978-3","Lelah"
"W10653-18","W2978-3","Lelah"
"W10655-36","Hodag","Atlantic"
"W10655-43","Hodag","Atlantic"
"W10658-7","Hodag","Lelah"
"W6609-3","Pike","DakotaPearl"
"W10659-16","W6609-3","WhitePearl"
"W10659-8","W6609-3","WhitePearl"
"W8822-1","Fasan","Tundra"
"W3186-2","Bertita","CT88-2"
"W9891-1","W6609-3","W3186-2"
"W9905-3","DakotaPearl","W6609-3"
"W9905-7","DakotaPearl","W6609-3"
"W9968-5","Fasan","Nicolet"
"NorValley","Norchip","ND860-2"
"MSJ147-1","NorValley","S440"
"MSV033-1","BeaconChipper","MSJ147-1"
"MSZ219-1","SaginawChipper","MSR127-2"
"MSZ219-14","SaginawChipper","MSR127-2"
"DakotaDiamond","ND4103-2","DakotaPearl"
"ND8134-2R","A598-3","NorgoldRusset"
"ND9526-4Russ","A6673-4","ND8134-2R"
"Nooksack","Kennebec","A501-13"
"ND9687-5Russ","Nooksack","NorgoldRusset"
"RussetNorkotah","ND9526-4Russ","ND9687-5Russ"
"OR9256-2","DakotaDiamond","RussetNorkotah"
"Brodick",NA,NA
"Pinnacle","Brodick","WhitePearl"
"W2309-7","ND860-2","W1242"
"W10129-4","DakotaPearl","W2309-7"
"NDA2031-2","Rosa","ND413-4"
"Michibonne",NA,NA
"SpartanPearl","Atlantic","Michibonne"
"AC87340-2W","NDA2031-2","SpartanPearl"
"CO96141-4W","BC0894-2W","AC87340-2W"
"AC10239-7W","CO96141-4W","Lamoka"
"AF5563-2","Waneta","Algonquin"
"Missaukee","Tollocan","NY88"
"AF5639-6","Missaukee","AF2291-10"
"B929-32","USDA792-88","B81-40"
"B5422-10","B3692-4","B929-32"
"BR6864-8","Wauseon","B5422-10"
"YankeeChipper","Chipbelle","BR6864-8"
"AF4125-1","Atlantic","SA8211-6"
"AF5648-3","YankeeChipper","AF4125-1"
"Mainechip","AF186-2","AF84-4"
"CF77154-10","Atlantic","AF25-18"
"AF5665-2","Mainechip","CF77154-10"
"AF5677-6","AF2376-5","Waneta"
"AF5682-3","Marcy","AF2376-5"
"AF5682-5","DakotaPearl","AF2376-5"
"AFC5551-4W","DakotaPearl","AF2291-10"
"AFC5563-5W","Waneta","AF2291-10"
"COA00272-1C",NA,NA
"Chipeta","W612-13","WisChip"
"A05158-2C","COA00272-1C","Chipeta"
"AOR11484-2","A05158-2C","M5"
"B1316-5","B0175-20","B0405-6"
"B2414-126","CIP391013-5","B1316-5"
"BNC41-13","Andover","HarleyBlackwell"
"B3153-3","B2414-126","BNC41-13"
"B3155-3","B2440-122","B1829-5"
"B1709-6","B0209-1","B0566-5"
"B2490-7","B0766-3","B1709-6"
"B3159-7","B2490-7","B1829-5"
"B2500-3","B2001-186","B1829-5"
"B3165-11","B2500-3","B2414-126"
"BD802-3","BD104-4",NA
"BTD0157-10","B1065-51","BD170-3"
"B3172-12","BD802-3","BTD0157-10"
"B3172-3","BD802-3","BTD0157-10"
"B3172-8","BD802-3","BTD0157-10"
"NCB2497-17","B1240-1","B1829-5"
"BNC469-12","HarleyBlackwell","NCB2497-17"
"BNC469-16","HarleyBlackwell","NCB2497-17"
"BNC469-17","HarleyBlackwell","NCB2497-17"
"BNC469-7","HarleyBlackwell","NCB2497-17"
"B0564-9","B0155-24","B9935-8"
"NC0349-3","Snowden","B0564-9"
"BNC472-3","NC0349-3","NCB2497-17"
"COA96142-7","BC0894-2W","IvoryCrisp"
"AC01151-5W","COA96142-7","NDA2031-2"
"A91790-13","Chipeta","IvoryCrisp"
"CO95051-7W","AC88456-6","BC0894-2W"
"CO02024-9W","A91790-13","CO95051-7W"
"CO10030-3W","AC01151-5W","CO02024-9W"
"Winterset","NY115","BC0894-2W"
"CO10073-7W","Winterset","CO02024-9W"
"CO03243-3W","BC0894-2W","A91790-13"
"CO10076-4W","CO03243-3W","CO02024-9W"
"MSQ283-2","MSG227-2","DakotaPearl"
"MSV434-04","MSQ283-2","McBride"
"MSV507-001","Tundra","Kalkaska"
"MSV507-003","Tundra","Kalkaska"
"MSV507-007","Tundra","Kalkaska"
"MSV507-073","Tundra","Kalkaska"
"MSV507-198","Tundra","Kalkaska"
"MS700-70","Atlantic","Michibonne"
"USDA44537","Chippewa","Katahdin"
"Ontario","Jubel","USDA44537"
"MSC148-A","MS700-70","Ontario"
"MSK061-4","MSC148-A","DakotaPearl"
"MSQ070-1","MSK061-4","Missaukee"
"MSW324-1","MSQ070-1","Marcy"
"MSW394-1","Nicolet","Nicolet"
"MSH098-2","MSC127-3",NA
"MSM246-B",NA,"MSH098-2"
"MSZ020-08","Kalkaska","MSM246-B"
"MSZ022-19","Kalkaska","Tundra"
"MSQ086-3",NA,"Missaukee"
"MSZ045-09","Lamoka","MSQ086-3"
"MSZ052-31","Pike","MSR127-2"
"MSZ062-10","MSR127-2","McBride"
"MSZ096-03","Boulder","MSR127-2"
"MSZ101-06","CO00188-4W","Kalkaska"
"MSZ101-07","CO00188-4W","Kalkaska"
"MSZ219-13","SaginawChipper","MSR127-2"
"MSR169-8Y","Pike","McBride"
"MSF015-1","Pike","W877"
"Zarevo",NA,NA
"MSJ212-2","S438","Zarevo"
"MSP292-7","MSF015-1","MSJ212-2"
"MSU383-A","MSP292-7","MSG227-2"
"MSZ242-09","MSR169-8Y","MSU383-A"
"NC470-3","Marcy","NC182-5"
"NC472-1","Marcy","NC182-5"
"NC473-2","NC182-5","Marcy"
"NCB3171-7","NY121","IvoryCrisp"
"W1353","S440","W887"
"ND7519-1","ND3828-15","W1353"
"ND113307C-3","ND7799c-1","ND7519-1"
"NYF48-4","WhitePearl","NY115"
"NY165","NY148","NYF48-4"
"NYW92-38","Andover",NA
"NYF31-3","NYW92-38","Pike"
"NYM7-4","NY148","NYF31-3"
"NYM7-6","NY148","NYF31-3"
"OR12479-5","Atlantic","Liberator"
"W8822-2","Fasan","Tundra"
"W13057-13","W8822-2","Lelah"
"W5015-5","Brodick","WhitePearl"
"W13057-15","W5015-5","Lelah"
"W13057-18","W5015-5","Lelah"
"W13057-2","W5015-5","Lelah"
"W13057-3","W5015-5","Lelah"
"W13057-6","W5015-5","Lelah"
"W13057-7","W5015-5","Lelah"
"W13057-8","W5015-5","Lelah"
"W13058-11","Lelah","Nicolet"
"W13058-18","Lelah","Nicolet"
"W13058-19","Lelah","Nicolet"
"W13058-2","Lelah","Nicolet"
"W13058-21","W5015-5","Lelah"
"W13060-1","Lelah","W5015-5"
"W13062-7","W5015-5","Lelah"
"W13062-8","Nicolet","Nicolet"
"W13063-2","Nicolet","Nicolet"
"W13065-14","Nicolet","Nicolet"
"W13065-16","Nicolet","Nicolet"
"W13065-22","MegaChip",NA
"W13065-4","Nicolet",NA
"W13066-4","W8822-2","Lelah"
"W13068-10","W8822-2","W6609-3"
"W13069-5","Tundra","Lamoka"
"W13070-10","Nicolet","Lamoka"
"W13070-11","Nicolet","Lamoka"
"W13070-14","Nicolet","Lamoka"
"W13070-21","Accumulator","Lamoka"
"W13070-6","Nicolet","Nicolet"
"W13070-9","Nicolet","Lamoka"
"W13071-3","Accumulator","Lamoka"
"W13071-4","Accumulator","Lamoka"
"W13071-5","Accumulator","Lamoka"
"W13071-8","Accumulator","Lamoka"
"C31","A206","Katahdin"
"C31_5","C31","Katahdin"
"C31_5_115","C31_5","Atlantic"
"W13074-3","W6609-3","C31_5_115"
"W13078-2","W2309-7","W6609-3"
"W13078-5","W2309-7","W6609-3"
"W1351","S438","Lenape"
"M1","D1-62","W1351"
"W13079-2","M1","Lamoka"
"W13080-2","Pike","C31_5_115"
"W13082-2","Pike","Tundra"
"W13083-3","Superior","Lamoka"
"W13086-1","W2309-7","W6609-3"
"W13091-8","Agila","W6609-3"
"W6483-5","DakotaPearl",NA
"W13095-3","W6483-5","W6609-3"
"W13095-4","W6483-5","W6609-3"
"W13096-1","NY148","W6609-3"
"W13NYP102-7","NY148",NA
"W13NYP102-8","Algonquin","NYE48-2"
"NYF16-1",NA,"11379-03"
"W13NYP106-1","NY148","NYF16-1"
"W13NYP106-2","NY148","NYF16-1"
"W13NYP106-5","NY148","NYF16-1"
"W13NYP111-1","NY148","NYF48-4"
"W13NYP111-4","NY148","NYF48-4"
"W13NYP111-5","NY148","NYF48-4"
"NYE114-5","Monticello","NY115"
"W13NYP112-1","NYE114-5","IvoryCrisp"
"W13NYP114-5","NYE48-2","Pike"
"W13NYP117-2","NYF25-7","NYE48-2"
"W13NYP12-2","Lamoka","NY148"
"NYG20-31","Andover","NY115"
"W13NYP18-1","NYG20-31","NY148"
"W13NYP19-10","NY154","NYE48-2"
"W13NYP19-2","NY154","NYE48-2"
"W13NYP19-3","NY154","NYE48-2"
"NY153","Waneta","Pike"
"W13NYP21-1","NY153","NY145"
"WAF12065-8","MegaChip","Clone100"
"W14067-11","Hodag","Nicolet"
"W14070-1","Atlantic","Nicolet"
"W8615-5","W2309-7","DakotaPearl"
"W14074-5","W8615-5","Lamoka"
"W9252-7","MegaChip","Lelah"
"W14076-1","W9252-7","W6609-3"
"W14076-4","W9252-7","W6609-3"
"CV95070-1","Achirana","IvoryCrisp"
"Niska","WisChip","Lenape"
"Northstar","Niska","ND860-2"
"W9684-2","CV95070-1","Northstar"
"W14087-1","W9684-2","Tundra"
"W14182-11","DakotaPearl","Nicolet"
"W14182-6","DakotaPearl","Nicolet"
"Eva","Steuben",NA
"W14183-3","Eva","Nicolet"
"W14184-5","Eva","Tundra"
"W14185-3","Fasan","Tundra"
"W14186-20","Missaukee","Nicolet"
"MSL268-D","Eva","JacquelineLee"
"W14187-14","MSL268-D","Nicolet"
"W14187-16","MSL268-D","Nicolet"
"W14187-2","MSL268-D","Nicolet"
"W14187-30","MSL268-D","Nicolet"
"MSE263","MS702-80","W877"
"MSI055-5","Brodick","MSE263"
"MSN170-A","MSI055-5","MSG227-2"
"W14190-15","MSN170-A","Nicolet"
"W14193-14","Accumulator","Nicolet"
"W14194-7","Accumulator","Eva"
"AF5028-2","AF2291-10","391139"
"W14AF5934-2","Eva","AF5028-2"
"W14AF5934-5","Eva","AF5028-2"
"AF5306-3","W3186-2","W5015-5"
"W14AF5945-5","Lamoka","AF5306-3"
"W14AF5949-2","Liberator","AF5153-11"
"AF5428-3",NA,NA
"W14AF5955-3","Mainechip","AF5428-3"
"W14AF5971-3","Pike","Lamoka"
"NY132","Eva","Pike"
"AF4648-2","NY132","Liberator"
"AF4386-16","NY120","CF77154-10"
"W14AF5995-2","AF4648-2","AF4386-16"
"W14AF6002-2","AF5118-5","Liberator"
"AF5142-3","HarleyBlackwell","AF4057-2"
"W14AF6003-1","AF5142-3","Lamoka"
"W14AF6037-2","NY121","AF5306-3"
"W14NYQ102-6","IvoryCrisp","Marcy"
"NYE105-16","NY127","Marcy"
"W14NYQ104-5","NYE105-16","NYE48-2"
"W14NYQ17-1","NYF16-1","NYF31-3"
"W14NYQ23-6","NYF31-3","NY148"
"LadyLiberty","NYB38-14","Marcy"
"W14NYQ28-3","LadyLiberty","NYE48-2"
"W14NYQ29-7","LadyLiberty","NYF31-3"
"NYJ100-5","NYV18-5",NA
"W14NYQ30-8","LadyLiberty","NYJ100-5"
"NYJ110-12","DakotaDiamond","NY115"
"W14NYQ38-8","NYJ110-12","NYF31-3"
"W14NYQ4-1","Andover","NY148"
"W14NYQ4-5","Andover","NY148"
"NYJ100-6","NYV18-5",NA
"W14NYQ7-2","Andover","NYJ100-6"
"W14NYQ8-4","Eva","Waneta"
"W14NYQ9-3","Eva","NY153"
"W14067-1","Hodag","Nicolet"
"W14069-1","W8615-5","Tundra"
"W14074-1","W8615-5","Lamoka"
"W14074-8","W8615-5","Lamoka"
"W14076-7","W9252-7","W6609-3"
"W14076-8","W9252-7","W6609-3"
"NYC101-10","NY121","NY115"
"NYWJ11-5","NYC101-10","Marcy"
"W14090-3","NYWJ11-5","Lamoka"
"W14182-15","DakotaPearl","Nicolet"
"W14182-7","DakotaPearl","Nicolet"
"W14184-2","Eva","Nicolet"
"W14184-7","Eva","Tundra"
"W14186-11","Missaukee","Nicolet"
"W14186-21","Missaukee","Nicolet"
"W14187-17","MSL268-D","Nicolet"
"W14187-6","MSL268-D","Nicolet"
"W14190-1","MSN170-A","Nicolet"
"W14190-16","MSN170-A","Nicolet"
"W14193-18","Accumulator","Nicolet"
"W14193-7","Accumulator","Nicolet"
"W14AF5919-2","Boulder",NA
"W14AF5934-3","Eva","AF5028-2"
"W14AF5938-3","Eva","MSQ086-3"
"W14AF5947-1","Liberator","Lamoka"
"W14AF5953-3","Mainechip","Lamoka"
"W14AF5955-5","Mainechip","AF5428-3"
"W14AF5992-1","AF4386-16","AF5142-3"
"AF5033-1","AF2291-10","HarleyBlackwell"
"W14AF5996-2","AF4648-2","AF5033-1"
"W14AF6003-2","AF5142-3","Lamoka"
"W14AF6018-1","AF5306-3","Lamoka"
"W14AF6037-1","NY121","AF5306-3"
"W14AF6037-5","NY121","AF5306-3"
"W14NYQ102-9","IvoryCrisp","Marcy"
"NYM348-45","NYG440-6","Wauseon"
"Genesee","NYM348-45","Katahdin"
"W14NYQ19-4","NYF31-3","Genesee"
"W14NYQ23-11","NYF31-3","NY148"
"W14NYQ29-5","LadyLiberty","NYF31-3"
"W14NYQ30-5","LadyLiberty","NYJ100-5"
"W14NYQ34-2","NYJ100-6","NY153"
"W14NYQ38-14","NYJ110-12","NYF31-3"
"W14NYQ4-3","Andover","NY148"
"W14NYQ6-3","Andover","NY153"
"W14NYQ7-5","Andover","NYJ100-6"
"W14NYQ8-18","Eva","Waneta"
"W14NYQ9-4","Eva","NY153"
"W14067-3","Hodag","Nicolet"
"W14069-2","W9252-7","Nicolet"
"W14074-4","W8615-5","Lamoka"
"W14075-1","W9684-2","Nicolet"
"W14084-1","W8615-5","Lamoka"
"W14090-2","NYWJ11-5","Lamoka"
"W14182-9","DakotaPearl","Nicolet"
"W14183-2","Eva","Nicolet"
"W14184-3","Eva","Tundra"
"W14184-9","Eva","Tundra"
"W14186-12","Missaukee","Nicolet"
"W14186-26","Missaukee","Nicolet"
"W14187-11","MSL268-D","Nicolet"
"W14187-21","MSL268-D","Nicolet"
"W14190-10","MSN170-A","Nicolet"
"W14193-8","Accumulator","Nicolet"
"W14194-2","Accumulator","W2978-3"
"W14AF5925-2","DakotaPearl","Lamoka"
"W14AF5934-4","Eva","AF5028-2"
"W14AF5938-11","Eva","MSQ086-3"
"W14AF5947-2","Liberator","Lamoka"
"W14AF5948-1","Liberator","AF4386-16"
"W14AF5954-2","Mainechip","AF5306-3"
"W14AF5970-4","Pike","DakotaPearl"
"W14AF5997-1","AF4648-2","AF5306-3"
"W14AF6029-1","SaginawChipper","Mainechip"
"W14NYQ104-4","NYE105-16","NYE48-2"
"W14NYQ22-5","NYF31-3","Algonquin"
"W14NYQ23-13","NYF31-3","NY148"
"W14NYQ29-6","LadyLiberty","NYF31-3"
"W14NYQ3-1","Andover","Algonquin"
"W14NYQ30-6","LadyLiberty","NYJ100-5"
"W14NYQ38-17","NYJ110-12","NYF31-3"
"W14NYQ38-2","NYJ110-12","NYF31-3"
"W14NYQ4-4","Andover","NY148"
"W14NYQ5-5","Andover","NYE48-2"
"W14NYQ7-1","Andover","NYJ100-6"
"W14NYQ8-2","Eva","Waneta"
"W14NYQ9-2","Eva","NY153"
"AF5563-5","Waneta","AF2291-10"
"DakotaCrisp","YankeeChipper","Norchip"
"AF4552-5","HarleyBlackwell","W2309-7"
"AF5819-6","DakotaCrisp","AF4552-5"
"AF5846-3","Marcy","AF4552-5"
"B3174-4","IvoryCrisp","B2415-70"
"B3182-1","B2430-4","BTD0157-10"
"B2588-7","BARS_W95_6458_2","B1709-4"
"B3194-1","B2588-7","B1829-5"
"NC234-26",NA,NA
"BNC537-5","HarleyBlackwell","NC234-26"
"BNC544-2","NCB2489-5","NC234-26"
"AC87340-2","NDA2031-2","SpartanPearl"
"COA96141-4","BC0894-2W","AC87340-2"
"AC03433-1W","A94322-8C","COA96141-4"
"CO11023-2W","AC03433-1W","Waneta"
"CO11037-5W","BC0894-2W","Nicolet"
"MSH228-6","MSC127-3",NA
"CO11074-1W","MSH228-6","AC03433-1W"
"MST096-2Y","MSG227-2","McBride"
"MSAFB610-4","NY148","MST096-2Y"
"MSAFB614-4","SaginawChipper","MSR127-2"
"Manistee","Snowden","MSH098-2"
"MSAFB618-2","SaginawChipper","Manistee"
"MSAFB626-2","SaginawChipper","Kalkaska"
"MSAFB626-8","SaginawChipper","Kalkaska"
"MSV505-2","Tundra","McBride"
"MSV507-012","Tundra","Kalkaska"
"MSW501-2","Boulder","WhitePearl"
"W870","WisChip","Lenape"
"MSI234-6Y","W870","IslandSunshine"
"MSN191-2Y","MSI234-6Y","MSH098-2"
"MSX111-3","DakotaCrisp","MSN191-2Y"
"MSX277-1","MSM246-B","MSJ147-1"
"MSR036-5","MSL766-1","Liberator"
"MSX526-1","MSR036-5","Lamoka"
"MSY156-2","MSK061-4","Kalkaska"
"MSZ022-16","Kalkaska","Tundra"
"B0718-3",NA,NA
"MSI152-A","Mainestay","B0718-3"
"MSR148-4","MSI152-A","DakotaPearl"
"MSZ063-2","MSR148-4","McBride"
"MSZ157-3","NDU030-1","Missaukee"
"MSZ246-1","Snowden","DakotaDiamond"
"MSZ251-1","MSS070-B","Lamoka"
"NYM18-2","NYE48-2","NYF48-4"
"NYN11-4","Snowden","NYE48-2"
"NYN25-1","NY145","NYE48-2"
"NYN44-7","NYE114-5","NYE48-2"
"W6484-5","DakotaPearl","S440"
"WAF13076-2","Fasan","W6484-5"
"AF4463-7","Pike","CF77154-10"
"AF5801-1","AF4573-2","AF4463-7"
"AF5825-3","DakotaCrisp","Tundra"
"AF5846-4","Marcy","AF4552-5"
"AFC5687-2W","Waneta","AF2376-5"
"B3181-7","B2423-70","BTD0157-10"
"B3183-6","BD802-3","IvoryCrisp"
"BNC541-5","NC234-26","NCB2489-5"
"BNC549-1","NCB2497-17","NCB2489-5"
"CO11023-9W","AC03433-1W","Waneta"
"CO11048-8W","CO03243-3W","CO95051-7W"
"CO11087-1W","Waneta","CO95051-7W"
"MSR128-4Y","MSJ167-1","McBride"
"MSAFB611-5","NY148","MSR128-4Y"
"MSAFB614-6","SaginawChipper","MSR127-2"
"MSAFB618-3","SaginawChipper","Manistee"
"MSAFB626-5","SaginawChipper","Kalkaska"
"MSAFB635-3","LadyLiberty","MST096-2Y"
"MST437-1","NY132","MSH228-6"
"MSV507-128","Tundra","Kalkaska"
"MSX042-3","BeaconChipper",NA
"MSX225-2","MSK061-4","Nicolet"
"MSX345-6Y","MSN191-2Y","McBride"
"W1773-7","Steuben","S440"
"MSR102-3","W1773-7","Missaukee"
"MSX542-2","MSR102-3","MegaChip"
"MSF099-3","Andover","Chaleur"
"MSP368-1","MSH095-4","MSF099-3"
"MSY041-1","DakotaDiamond","MSP368-1"
"MSZ013-3","CO00188-4W","Atlantic"
"MSZ154-1","NDU022-1","MSQ086-3"
"MSZ269-18","MSU278-1Y","MSR127-2"
"ND124C-1","DakotaDiamond","ND7519-1"
"NY168","NY148","NYE48-2"
"NYM15-3","NYE48-2","Lamoka"
"NYN24-2","NY145","NYE48-2"
"NYN52-5","NYF48-4","NYE48-2"
"NYN6-2","Brodie","NYE48-2"
"WAF13066-2","W8822-2","Lelah"
"W15116-4","Accumulator","MegaChip"
"W15119-15","Accumulator","W6609-3"
"W15120-4","Atlantic","Lamoka"
"W15121-5","Atlantic","Lelah"
"W15121-6","Atlantic","Lelah"
"W15121-8","Atlantic","Lelah"
"W15122-5","Atlantic","MegaChip"
"W10670-3","HarleyBlackwell","W2309-7"
"W15125-12","Atlantic","W10670-3"
"W15125-2","Atlantic","W10670-3"
"W15125-5","Atlantic","W10670-3"
"W15126-2","Atlantic","W6609-3"
"W15130-6","Lamoka","MegaChip"
"W15144-6","Lelah","W6609-3"
"W15149-6","MegaChip","Lamoka"
"W15149-8","Atlantic","W10670-3"
"W15150-12","MegaChip","Lelah"
"W15150-3","MegaChip","Lelah"
"W15151-9","MegaChip","MSR127-2"
"W15152-2","MegaChip","McBride"
"W15156-2","MegaChip","W10670-3"
"W15158-15","MegaChip","W6609-3"
"W15165-1","Nicolet","MegaChip"
"W15165-15","Nicolet","MegaChip"
"W15174-1","Pike","Lamoka"
"W15184-4","Snowden","W6609-3"
"W15190-6","Tundra","MegaChip"
"W15193-1","Tundra","NYWJ11-5"
"W15194-4","Tundra","W10670-3"
"W15200-3","Hodag","Lamoka"
"W15200-7","Hodag","Lamoka"
"W15204-8","Hodag","Nicolet"
"W15205-2","Hodag","NYWJ11-5"
"W15209-4","W6609-3","Accumulator"
"W15214-1","W6609-3","W10670-3"
"W15220-1","W8822-1","MegaChip"
"W15225-1","W8822-1","W10670-3"
"NY157","WhitePearl","NY115"
"W15NYR10-3","NY157","LadyLiberty"
"W15NYR10-7","NY157","LadyLiberty"
"NY158","Snowden","NYE48-2"
"W15NYR11-13","NY158","NYF31-3"
"W15NYR16-2","Algonquin","LadyLiberty"
"A37-12","Eva","NY120"
"NYJ112-2","A37-12","Lamoka"
"W15NYR5-3","Andover","NYJ112-2"
"W15NYR9-8","Brodie","LadyLiberty"
"W15116-8","Accumulator","MegaChip"
"W15117-6","Accumulator","MegaChip"
"W15118-3","Accumulator","Nicolet"
"W15121-4","Atlantic","Lelah"
"W15125-10","Atlantic","W10670-3"
"W15126-3","Atlantic","W6609-3"
"W15138-3","Lelah","MegaChip"
"W15142-6","Lelah","W10670-3"
"W15144-23","Lelah","W6609-3"
"W15144-9","Lelah","W6609-3"
"W15145-6","Manistee","W6609-3"
"W15149-1","MegaChip","Lamoka"
"W15149-2","MegaChip","Lamoka"
"W15151-1","MegaChip","MSR127-2"
"W15151-6","MegaChip","MSR127-2"
"W15158-14","MegaChip","W6609-3"
"W15158-21","MegaChip","W6609-3"
"W15161-2","Nicolet","Lamoka"
"W15161-8","Nicolet","Lamoka"
"W15164-2","Nicolet","McBride"
"W15165-16","Nicolet","MegaChip"
"W15165-3","Nicolet","MegaChip"
"W15168-3","Nicolet","Nicolet"
"W15169-2","Nicolet","Tundra"
"W15180-10","Pike","W6609-3"
"W15180-12","Pike","W6609-3"
"W15183-1","Snowden","Tundra"
"W15184-22","Snowden","W6609-3"
"W15184-23","Snowden","W6609-3"
"W15198-1","W10670-3","Lelah"
"W15199-2","Hodag","Accumulator"
"W15200-8","Hodag","Lamoka"
"W15211-7","W6609-3","MegaChip"
"W15212-11","W6609-3","Nicolet"
"W15218-1","W8822-1","Lamoka"
"W15225-4","W8822-1","W10670-3"
"W15NYR10-6","NY157","LadyLiberty"
"W15NYR19-1","Algonquin","NYJ112-2"
"W15NYR5-2","Andover","LadyLiberty"
"W15NYR9-3","Brodie","NYJ112-2"
"W15NYR9-6","Brodie","NYJ112-2"
"W15116-1","Accumulator","MegaChip"
"W15119-1","Accumulator","W6609-3"
"W15119-24","Accumulator","W6609-3"
"W15121-9","Atlantic","Lelah"
"W15122-6","Atlantic","MegaChip"
"W15122-7","Atlantic","MegaChip"
"W15125-4","Atlantic","W10670-3"
"W15126-9","Atlantic","W6609-3"
"W15137-1","Lelah","McBride"
"W15142-8","Lelah","W10670-3"
"W15144-19","Lelah","W6609-3"
"W15144-21","Lelah","W6609-3"
"W15144-32","Lelah","W6609-3"
"W15147-19","McBride","W6609-3"
"W15149-7","MegaChip","Lamoka"
"W15151-2","MegaChip","MSR127-2"
"W15156-1","MegaChip","W10670-3"
"W15160-8","Nicolet","Nicolet"
"W15162-2","Nicolet","Lelah"
"W15162-4","Nicolet","Lelah"
"W15167-1","Nicolet","Nicolet"
"W15170-10","Nicolet","W10670-3"
"W15170-3","Nicolet","W10670-3"
"W15184-2","Snowden","W6609-3"
"W15184-27","Snowden","W6609-3"
"W15184-6","Snowden","W6609-3"
"W15184-8","Snowden","W6609-3"
"W15194-7","Tundra","W10670-3"
"W15202-4","Hodag","McBride"
"W15204-9","Hodag","Nicolet"
"W15212-5","W6609-3","Nicolet"
"W15214-2","W6609-3","W10670-3"
"W15214-3","W6609-3","W10670-3"
"W15AF6243-4","SaginawChipper","AF4386-16"
"W15NYR10-4","NY157","LadyLiberty"
"W15NYR10-5","NY157","LadyLiberty"
"W15NYR10-8","NY157","LadyLiberty"
"W15NYR11-11","NY158","NYF31-3"
"W15NYR11-8","NY158","NYF31-3"
"W15NYR7-2","Brodie","LadyLiberty"
"A11516-1C","Manistee","Avondale"
"AF5677-4","AF2376-5","Waneta"
"AF5938-6","Eva","MSQ086-3"
"WAF10132-3","Eva","Tundra"
"AF6027-2","WAF10132-3","MSQ086-3"
"AOR12197-4","V_15-71","Winterset"
"MSAA072-05","MSR127-2","Lamoka"
"MSU379-1","MSP238-1","Missaukee"
"MSAA290-02","MSU379-1","Tundra"
"MSAA328-04","Boulder","MSR169-8Y"
"MSH106-2","Lenape","MSC127-3"
"MSP239-1",NA,"MSH106-2"
"MSV284-1","Monserrat","MSP239-1"
"MSAA556-03Y","MSV284-1","McBride"
"MSAA678-01","Pinnacle","Lamoka"
"MSV241-2","Marcy","MegaChip"
"MSAFB605-4","NY148","MSV241-2"
"MSAFB610-2","NY148","MST096-2Y"
"NY166","Brodie","NYE48-2"
"NY169","Snowden","NYE48-2"
"NYP103-22","NY145","NYE48-2"
"NYP111-16","NY148","NYF48-4"
"NYP118-6","WhitePearl","NYE48-2"
"WIA14067-1C","Hodag","Nicolet"
"AF5819-2","DakotaCrisp","AF4552-5"
"AF6037-2","NY121","AF5306-3"
"AF6037-3","NY121","AF5306-3"
"B2589-5","BARS-W95-6458-2","B0564-9"
"B3305-1","B2589-5","B1829-5"
"COOR13428-1","WisChip","Winterset"
"MSAA038-09Y","Boulder","MSR169-8Y"
"MSM066-4","MSG301-5","MSG227-2"
"MSS297-3","MSJ147-1","MSM066-4"
"MSAA076-04","MSR127-2","MSS297-3"
"MSM188-1","Atlantic","DakotaDiamond"
"MSF165-6RY","Superior","RoseGold"
"MSL159-AY","MSF165-6RY","JacquelineLee"
"MSS165-2Y","MSM188-1","MSL159-AY"
"MSAA091-01","MSS165-2Y","Lamoka"
"MSAA241-01","MSM246-B","MSR127-2"
"MSAA260-03","MSQ086-3","Atlantic"
"MSS927-1","ND4350-3","ND7799c-1"
"MSAA271-05","MSS927-1","Lamoka"
"Elkton","B1255-5","B0564-9"
"MSAA313-01","Elkton","Lamoka"
"MSV092-2","McBride","MSP239-1"
"MSAA498-07","MSV092-2","Elkton"
"BNC182-5","Tacna","B0766-3"
"MSAA725-03","BNC182-5","MSS165-2Y"
"MSAFB609-12","NY148","MSQ086-3"
"MSAFB609-5","SaginawChipper","Lamoka"
"MSAFB619-2","SaginawChipper","MSQ086-3"
"MSAFB635-15","LadyLiberty","MSS297-3"
"NY170","NY148","NYF48-4"
"NYN16-10","Brodie","NYE48-2"
"NYOR14Q9-9","Eva","NY153"
"NYP103-1","NY145","NYE48-2"
"NYP108-6","NYF48-4","NYE48-2"
"NYP114-1","NYE48-2","Pike"
"NYP116-6","NYE48-2","NYF48-4"
"MSJ316-A","B0718-3","Pike"
"NYP119-3","MSJ316-A","NYE48-2"
"NYP19-2","NY154","NYE48-2"
"MSM182-1","Stirling","NY121"
"W16098-12","MSM182-1","Nicolet"
"W16099-11","MSM182-1","Tundra"
"W16100-13","SaginawChipper","Nicolet"
"W16100-19","SaginawChipper","Nicolet"
"W16100-26","SaginawChipper","Nicolet"
"W16100-29","SaginawChipper","Nicolet"
"W16100-3","SaginawChipper","Nicolet"
"W16100-38","SaginawChipper","Nicolet"
"W16100-39","SaginawChipper","Nicolet"
"W16100-44","SaginawChipper","Nicolet"
"W16100-49","SaginawChipper","Nicolet"
"W16100-50","SaginawChipper","Nicolet"
"W16100-60","SaginawChipper","Nicolet"
"W16101-11","SaginawChipper","Tundra"
"W16101-15","SaginawChipper","Tundra"
"W16102-3","SaginawChipper","W6609-3"
"W16102-6","SaginawChipper","W6609-3"
"W16105-1","MSR127-2","W6609-3"
"W16118-3","NYWJ11-5","Nicolet"
"W16130-21","W6609-3","MSR127-2"
"W16130-69","W6609-3","Nicolet"
"W16130-70","W6609-3","Nicolet"
"W16133-35","W6609-3","Tundra"
"W16134-12","W6609-3","Tundra"
"W16134-13","W6609-3","Tundra"
"W16135-12","W8822-1","Lamoka"
"W16135-26","W8822-1","Lamoka"
"W16135-4","W8822-1","Lamoka"
"W16136-1","W8822-1","MSR127-2"
"W16137-8","W8822-1","Nicolet"
"W16219-3","Mackinaw","NYWJ11-5"
"NYK27-1","IvoryCrisp","NYE48-2"
"W16NYS2-4","Andover","NYK27-1"
"W16091-5","Accumulator","Nicolet"
"W16099-10","MSM182-1","Tundra"
"W16100-12","SaginawChipper","Nicolet"
"W16100-2","SaginawChipper","Nicolet"
"W16100-21","SaginawChipper","Nicolet"
"W16100-27","SaginawChipper","Nicolet"
"W16100-28","SaginawChipper","Nicolet"
"W16100-30","SaginawChipper","Nicolet"
"W16100-32","SaginawChipper","Nicolet"
"W16100-54","MSM182-1","Tundra"
"W16100-64","SaginawChipper","Nicolet"
"W16100-7","SaginawChipper","Nicolet"
"W16101-5","SaginawChipper","Tundra"
"W16101-9","SaginawChipper","Tundra"
"W16103-2","MSR127-2","Nicolet"
"W16126-7","Hodag","MSR127-2"
"W16127-13","Hodag","Nicolet"
"W16130-10","W6609-3","MSR127-2"
"W16130-15","W6609-3","MSR127-2"
"W16130-22","W6609-3","MSR127-2"
"W16130-71","W6609-3","Nicolet"
"W16131-11","W6609-3","Nicolet"
"W16219-8","W8822-1","W6609-3"
"W16220-11","SaginawChipper","Lamoka"
"W16AF6537-3","AF4648-2","MSR127-2"
"AF5960-4","Meduza","AF5306-3"
"AF5973-3","Pike","Mainechip"
"AF5975-1","Pike","AF5428-3"
"AF6024-1","AF5428-3","AF5248-1"
"AF6036-1","NY121","Lamoka"
"AF6188-9","Tundra","Waneta"
"Sebec","AF303-5","SA8211-6"
"AF6200-4","Sebec","Tundra"
"NC268-1","NC163-1","B2463-7"
"BNC742-2","Accumulator","NC268-1"
"CO12293-1W","CO02024-9W","ND7519-1"
"COOR13270-2","Winterset","CO02024-9W"
"MSAA036-09","Manistee","MSR127-2"
"MSAA217-3","BeaconChipper","Atlantic"
"MSAA240-06","MSM246-B","MSQ086-3"
"MSQ089-1",NA,"Missaukee"
"MSAA252-07","NY148","MSQ089-1"
"MSAA309-15","Atlantic","Lamoka"
"MSAA324-04","Boulder","Lamoka"
"MSAA498-18","MSV092-2","Elkton"
"MSAA513-01","MSV117-1","Lamoka"
"MSBB060-01","NY148","MSS297-3"
"MSBB067-02",NA,"MSR127-2"
"MSBB611-03","NY148","MSR128-4Y"
"MSBB618-02","SaginawChipper","Manistee"
"MSBB623-12","SaginawChipper","MSW140-3"
"MSBB631-04","SaginawChipper","MSS297-3"
"MSBB633-18","LadyLiberty","MSR128-4Y"
"Petoskey","BeaconChipper","MSG227-2"
"MSCC256-02","SaginawChipper","Petoskey"
"NC475-3","NC182-5","Lamoka"
"NYOR14Q9-5","Eva","NY153"
"NYORN6-8","IvoryCrisp","Marcy"
"NYORQ6-6","Andover","NY153"
"NYQ106-13","NY148","NYE48-2"
"NYQ23-4","NYF31-3","NY148"
"NYQ29-1","LadyLiberty","NYF31-3"
"NYQ29-2","LadyLiberty","NYF31-3"
"NYQ37-1","NYJ110-12","NYE48-2"
"NYQ38-4","NYJ110-12","NYF31-3"
"WAF15133-3","Lamoka","Tundra"
"WAF15195-3","Tundra",NA
"A00188-3C",NA,"DakotaPearl"
"AC11453-7W","A00188-3C","A03449-2C"
"A05158-3C","COA00272-1C","Chipeta"
"AC11494-6W","A05158-3C","M5"
"AF5933-4","Eva","AF4386-16"
"AF5320-1","DakotaPearl","W6609-3"
"AF6031-2","SaginawChipper","AF5320-1"
"AF6034-1","NY121",NA
"AF4971-3","W3186-2","Liberator"
"AF6192-3","Tundra","AF4971-3"
"AF6241-4","SaginawChipper","Tundra"
"BTD0013-14","B0177-20","BD043-3"
"B3306-2","BTD0013-14","BNC199-1"
"B2869-15","HarleyBlackwell","B1316-5"
"B3317-1","BNC318-9","B2869-15"
"BNC726-5","BNC371-2","Atlantic"
"AC00206-2W","AC87340-2","DakotaPearl"
"CO12235-3W","AC00206-2W","AC03433-1W"
"CO12428-2W","MSQ070-1","CO02024-9W"
"YukonGold","Norgleam","USW5279-4"
"MSG145-1","Steuben","YukonGold"
"MSM288-2Y","MSG145-1",NA
"MSAA072-04",NA,"MSM288-2Y"
"MSAA311-1","Elkton","Atlantic"
"MSJ042-3Y","Brodick","Zarevo"
"MSAA342-11Y","MSJ042-3Y","MSR169-8Y"
"MSAA373-3","NY148","McBride"
"MSBB131-01",NA,"MSR127-2"
"MSN190-2","MSI234-6Y","MSG227-2"
"MSBB166-01","MSN190-2","MSR169-8Y"
"MSBB230-01","NY148","MSQ089-1"
"MSBB610-13","NY148","MST096-2Y"
"MSBB613-04","SaginawChipper","McBride"
"MSBB614-10","SaginawChipper","MSR127-2"
"MSBB626-11","SaginawChipper","Kalkaska"
"MSBB636-11","LadyLiberty","MST096-2Y"
"MST424-6","MSNT-1","MSJ147-1"
"MSCC129-02","SaginawChipper","MST424-6"
"MSCC129-04","SaginawChipper","MST424-6"
"MSCC248-02","SaginawChipper","Elkton"
"NYORQ2-2","Andover","Waneta"
"NYORQ6-3","Andover","NY153"
"NYQ36-6","NY157","NYJ100-5"
"WAF14067-6","Hodag","Nicolet"
"W17037-10","SaginawChipper","Nicolet"
"W17037-11","SaginawChipper","Nicolet"
"W17037-12","SaginawChipper","Nicolet"
"W17037-13","SaginawChipper","Nicolet"
"W17037-15","SaginawChipper","Nicolet"
"W17037-16","SaginawChipper","Nicolet"
"W17037-17","SaginawChipper","Nicolet"
"W17037-20","SaginawChipper","Nicolet"
"W17037-22","SaginawChipper","Nicolet"
"W17037-24","SaginawChipper","Nicolet"
"W17037-26","SaginawChipper","Nicolet"
"W17037-34","SaginawChipper","Nicolet"
"W17037-35","SaginawChipper","Nicolet"
"W17037-40","SaginawChipper","Nicolet"
"W17037-41","SaginawChipper","Nicolet"
"W17037-43","SaginawChipper","Nicolet"
"W17037-45","SaginawChipper","Nicolet"
"W17037-49","SaginawChipper","Nicolet"
"W17037-5","SaginawChipper","Nicolet"
"W17037-6","SaginawChipper","Nicolet"
"W17037-68","SaginawChipper","Nicolet"
"W17037-73","SaginawChipper","Nicolet"
"W17037-8","SaginawChipper","Nicolet"
"W17038-4","Mackinaw","Nicolet"
"W17039-1","NY148","Nicolet"
"W17039-11","Mackinaw","Nicolet"
"W17039-15","NY148","Nicolet"
"W17039-17","NY148","Nicolet"
"W17039-18","NY148","Nicolet"
"W17039-2","NY148","Nicolet"
"W17039-30","NY148","Nicolet"
"W17039-4","NY148","Nicolet"
"W17039-44","NY148","Nicolet"
"W17039-49","NY148","Nicolet"
"W17039-5","NY148","Nicolet"
"W17039-65","NY148","Nicolet"
"W17039-68","NY148","Nicolet"
"W17039-69",NA,"Nicolet"
"W17039-7","NY148","Nicolet"
"W17039-8","NY148","Nicolet"
"NYWJ107-5","Lamoka","Marcy"
"W17040-3","NYWJ107-5","Nicolet"
"W17042-7","W12NYN25-1","Nicolet"
"W17043-37","W12NYN40-3","Nicolet"
"W17043-9","W12NYN40-3","Nicolet"
"W17044-12","SaginawChipper","Nicolet"
"W17044-15","Hodag","Nicolet"
"W17044-2","W6609-3","Nicolet"
"W17044-24","SaginawChipper","Nicolet"
"W17044-25","W6609-3","Nicolet"
"W17044-6","W6609-3","Nicolet"
"W17044-9","SaginawChipper","Nicolet"
"W17045-4","SaginawChipper","Tundra"
"W17047-15","W9968-5","Tundra"
"W17047-5","NY148","Nicolet"
"W17049-10","W12NYN25-1","Tundra"
"W17050-6","W12NYN40-3","Tundra"
"W17050-7","W12NYN40-3","Tundra"
"W17051-9","W9968-5","Tundra"
"W17052-15","Accumulator","Nicolet"
"W17055-4","Hodag","Nicolet"
"W17056-8","Lelah","W6609-3"
"W17057-44","SaginawChipper","Nicolet"
"W17057-5","SaginawChipper","Nicolet"
"W17060-24","NY148","Nicolet"
"W17060-27","NY148","Nicolet"
"W17062-11","W12NYN40-3","W6609-3"
"W17062-22","W12NYN40-3","Nicolet"
"W6822-3","WhitePearl","DakotaPearl"
"W17064-19","W6822-3","W6609-3"
"W17064-25","W6822-3","W6609-3"
"W17064-7","W6822-3","W6609-3"
"W17065-21","W9968-5","W6609-3"
"W17066-1","SaginawChipper","W6609-3"
"W17066-11","SaginawChipper","W6609-3"
"W17066-22","SaginawChipper","Nicolet"
"W17066-34","SaginawChipper","W6609-3"
"W17067-1","NY148","W6822-3"
"W17067-13","NY148","W6822-3"
"W17067-27","NY148","W6822-3"
"W17067-7","Mackinaw","Tundra"
"AF5040-8","AF2376-5","Lamoka"
"W17AF6654-13","SaginawChipper","AF5040-8"
"W17AF6677-8","NY157","AF5682-3"
"W17AF6678-7","NY157","MSR127-2"
"W17AF6684-10","W6822-3","MSR127-2"
"W17AF6685-2","W6822-3","LadyLiberty"
"W17037-1","SaginawChipper","Nicolet"
"W17037-18","SaginawChipper","Nicolet"
"W17037-19","SaginawChipper","Nicolet"
"W17037-2","SaginawChipper","Nicolet"
"W17037-21","SaginawChipper","Nicolet"
"W17037-28","SaginawChipper","Nicolet"
"W17037-3","SaginawChipper","Nicolet"
"W17037-55","SaginawChipper","Nicolet"
"W17037-57","SaginawChipper","Nicolet"
"W17037-62","SaginawChipper","Nicolet"
"W17037-65","SaginawChipper","Nicolet"
"W17037-7","SaginawChipper","Nicolet"
"W17037-75","SaginawChipper","Nicolet"
"W17037-77","SaginawChipper","Nicolet"
"W17037-87","SaginawChipper","Nicolet"
"W17037-89","SaginawChipper","Nicolet"
"W17039-10","NY148","Nicolet"
"W17039-12","NY148","Nicolet"
"W17039-13","NY148","Nicolet"
"W17039-14","NY148","Nicolet"
"W17039-16","NY148","Nicolet"
"W17039-19","NY148","Nicolet"
"W17039-20","NY148","Nicolet"
"W17039-21","NY148","Nicolet"
"W17039-23","NY148","Nicolet"
"W17039-24","NY148","Nicolet"
"W17039-26","NY148","Nicolet"
"W17039-27","NY148","Nicolet"
"W17039-28","NY148","Nicolet"
"W17039-29","NY148","Nicolet"
"W17039-3","NY148","Nicolet"
"W17039-31","NY148","Nicolet"
"W17039-6","NY148","Nicolet"
"W17039-73","NY148","Nicolet"
"W17039-9","NY148","Nicolet"
"W17041-3","NYWJ11-5","Nicolet"
"W17042-3","W12NYN25-1","Nicolet"
"W17042-4","W12NYN25-1","Nicolet"
"W17042-5","W12NYN25-1","Nicolet"
"W17042-8","W12NYN25-1","Nicolet"
"W17043-1","W12NYN40-3","Nicolet"
"W17043-21","W12NYN40-3","Nicolet"
"W17043-31","W12NYN40-3","Nicolet"
"W17044-13","W6609-3","Nicolet"
"W17044-14","SaginawChipper","Nicolet"
"W17044-5","Hodag","Nicolet"
"W17046-2","Mackinaw","W6609-3"
"W17046-3","Mackinaw","W6609-3"
"W17047-10","NY148","Tundra"
"W17047-11","NY148","Tundra"
"W17047-16","NY148","Nicolet"
"W17047-6","NY148","Tundra"
"W17051-17","W9968-5","Tundra"
"W17052-18","Accumulator","Nicolet"
"W17053-14","AFW5039-1","W6609-3"
"W17053-18","AFW5039-1","W6609-3"
"W17056-5","Lelah","W6609-3"
"W17057-16","SaginawChipper","Nicolet"
"W17057-28","NY148","Nicolet"
"W17057-3","SaginawChipper","W6609-3"
"W17057-8","SaginawChipper","W6609-3"
"W17058-5","Mackinaw","W6609-3"
"W17060-22","NY148","Nicolet"
"W17060-30","NY148","W6609-3"
"W17060-9","NY148","W6609-3"
"W17062-1","W12NYN40-3","W6609-3"
"W17062-10","W12NYN40-3","Nicolet"
"W17062-17","W12NYN40-3","W6609-3"
"W17062-21","W12NYN40-3","W6609-3"
"W17062-26","W12NYN40-3","W6609-3"
"W17062-6","W12NYN40-3","Nicolet"
"W17063-8","Tundra","W6609-3"
"W17064-10","W6822-3","W6609-3"
"W17064-20","W6822-3","W6609-3"
"W17064-22","W6822-3","W6609-3"
"W17064-27","W6822-3","W6609-3"
"W17064-8","W6822-3","W6609-3"
"W17065-11","W9968-5","W6609-3"
"W17065-20","W9968-5","Nicolet"
"W17065-8","W9968-5","W6609-3"
"W17066-26","SaginawChipper","Nicolet"
"W17066-30","SaginawChipper","W6609-3"
"W17066-9","SaginawChipper","W6609-3"
"W17AF6654-15","SaginawChipper","AF5040-8"
"W17AF6670-1","NY148","MSR127-2"
"W17AF6686-6","W6822-3","NY157"
"A13125-3C","SaginawChipper","Winterset"
"CO13232-11W","AC00206-2W","CO02024-9W"
"CO13232-25W","AC00206-2W","CO02024-9W"
"CO13232-5W","AC00206-2W","CO02024-9W"
"MSAA076-6","MSR127-2","MSS297-3"
"MSN238-A","Marcy","MSH098-2"
"MSV383-B","Pike","MSN238-A"
"MSAA085-1","MSR169-8Y","MSV383-B"
"MSAA100-1","Snowden","SaginawChipper"
"MSBB008-3","Atlantic","MSR127-2"
"MSBB018-1","DakotaDiamond","MSR169-8Y"
"MSBB032-1","Kalkaska","McBride"
"MSBB038-1","Manistee","MSP239-1"
"MSBB047-1","Lamoka","MST096-2Y"
"MSBB058-1","NY148","MSR127-2"
"MSBB079-2","MSS927-1","MSR127-2"
"MSQ131-A","Boulder","Missaukee"
"MSBB190-1","MSQ131-A","MSR127-2"
"MSBB190-2","MSQ131-A","MSR127-2"
"MSBB193-1","MSR127-2","McBride"
"MSBB617-2","SaginawChipper","MSV383-B"
"MSBB618-9","SaginawChipper","Manistee"
"MSBB625-2","MSW242-1","MSS297-3"
"MSBB634-8","LadyLiberty","MSR169-8Y"
"MSBB635-14","LadyLiberty","MSS297-3"
"MSCC009-1","LadyLiberty","MSS297-3"
"MSCC058-1","MSK061-4","Manistee"
"B2950-2","B1829-5","BNC41-13"
"MSCC081-1","Lamoka","B2950-2"
"MSCC168-1","LadyLiberty","MST424-6"
"MSCC248-3","SaginawChipper","Elkton"
"NDTX1444-5W","DakotaCrisp","ND7799c-1"
"NYR1-7","Andover",NA
"NYR10-4","NY157","LadyLiberty"
"NYR101-2","Snowden","Lamoka"
"NYR101-7","Snowden","NYE48-2"
"NYR102-3","NY154","NYE48-2"
"NYR102-7","NY154","NYE48-2"
"NYR102-8","NY154","NYE48-2"
"NYR105-11","Brodie","NYE48-2"
"NYR107-4","NY148","NYE48-2"
"NYR107-6","NY148","NYE48-2"
"NYR2-2","Andover","NYF31-3"
"NYR3-5","Andover","NY154"
"Pontiac","Triumph","Katahdin"
"Redkote","USDA116-10","Pontiac"
"ND5124-1R","ND3640-19R","Redkote"
"B56-1","Ostragis","Earlaine"
"B3131-8","B606-37","B56-1"
"ND4011-1R","ND3257-2R","B3131-8"
"ND4652-4R","Redkote","ND4011-1R"
"Bison","ND5124-1R","ND4652-4R"
"ND9403-20R","ND8647-3R","Bison"
"NorChief","Redkote","ND4468-1R"
"ND9079-1R","ND8200-4R","NorChief"
"ND206-1R","ND9403-20R","ND9079-1R"
"B595-76","USDA41956","Cherokee"
"Progress","Pontiac","Minn.5.10-3-8"
"IA1027-18","B595-76","Progress"
"LA1354","Minn.92.36-5","Pontiac"
"Chieftain","IA1027-18","LA1354"
"MN8758","Erik","Chieftain"
"ND821-6R","MN8758","Bison"
"NorDonna","ND206-1R","ND821-6R"
"ND4659-5R","NorDonna","ND2842-3R"
"NDTX059828-2W","ND4659-5R","ND8524B-1R"
"TX12484-3WZC","TX08402","NDTX059828-2W"
"AF6165-9","BeaconChipper","AF290-5"
"AF6197-8","Sebec","Liberator"
"AF6200-7","Sebec","Tundra"
"AF6206-5","AF4386-16","Lamoka"
"WAF10131-19","Eva","Nicolet"
"AF6237-3","WAF10131-19","Tundra"
"AF6253-1","M5","Liberator"
"AF6520-5","Lamoka","AF4648-2"
"AF6522-1","Lamoka","NY121"
"AF4157-6",NA,"DakotaPearl"
"AF6531-3","AF4157-6","Lamoka"
"AF6542-1","SaginawChipper","AF5040-8"
"NDAF102629C-4",NA,NA
"AF6550-2","NDAF102629C-4","AF5040-8"
"AF6551-1","NDAF102629C-4","MSR127-2"
"AF6602-3","NY121","AF5040-8"
"AF6603-5","NY121","MSR127-2"
"AF6614-4","S.bu8.5","MSR127-2"
"AF6616-1","Tollocan","MSR127-2"
"AF6616-4","Tollocan","MSR127-2"
"NDA5366-1","ND4067-18","ND860-2"
"A97098-1C","Brodick","NDA5366-1"
"COA96141-2C","BC0894-2W","AC87340-2"
"A03440-2C","A97098-1C","COA96141-2C"
"AOR13124-6","SaginawChipper","A03440-2C"
"AOR13137-2","Slaney","Winterset"
"B3378-3","B3005-7","BTD0157-10"
"B2588-6","BARS_W95_6458_2","B1709-4"
"B3012-3","B2588-6","B1829-5"
"B3379-6","B3012-3","B3044-2"
"B2954-1",NA,NA
"B3381-2","B3172-3","B2954-1"
"B3381-4","B3172-3","B2954-1"
"B3388-3","B3054A-13","B2832-8"
"NC308-2",NA,NA
"BNC811-9","NC308-2","Atlantic"
"MSCC266-1","MSR127-2","MSU383-A"
"MSCC376-1","MSR127-2","Manistee"
"MSDD085-13","NY148","MSR127-2"
"MSX194-3","Missaukee","C095051-7W"
"MSX472-2","MSQ070-1","MSP292-7"
"MSZ248-02","Snowden","MSV229-2"
"KingHarry","NYN142-72","Pike"
"NC727-6","NC372-2","KingHarry"
"NC733-7","KingHarry","NC308-2"
"NC744-4","BeaconChipper","NC268-1"
"ND7192-1","ND5470-3Russ","AO84275-3"
"ND1336-5","DakotaCrisp","ND7192-1"
"NDOR13320CAB-2","ND092217ABC-85","ND7192-1"
"NDOR1480Y-3","Eva","DakotaPearl"
"WAF15204-4","Hodag","Nicolet"
"WAF15221-2","W8822-1",NA
